{"sixhumpcamel": [[[-1.7639421057658544, 0.3397538092189367], [-1.2310863298971437, -0.2296339841444004]], [[-1.7231083559129, 0.9763210618029409], [-1.4624229954992198, -0.13392336155122941]], [[-1.1814729676740323, 1.6986925718132118], [-1.8312189683788838, -0.20375366108528636]], [[-1.941911040424202, 0.5480323317456446], [-1.8777160949303648, 1.9586057326331314]], [[-1.3426426454618334, 1.9790077225663332], [-1.833361097721118, 1.739590517642375]], [[-0.9416134692838469, 1.408934005450121], [-1.1474611089163598, 0.021667000706184214]], [[-1.514009376368521, 1.387703367408956], [-1.830802809489151, -0.676701966517026]], [[-0.3886545701151114, 1.2990318429954464], [-1.6651302053938446, 0.6988775772131169]], [[-0.09846293482348956, 0.6225727037127005], [-1.8405952878698308, 0.4191980302014081]], [[-1.6498760905117988, 0.7929594554321993], [-1.9580029483846622, 1.3591245648893957]]], "branin": [[[-5.436497800312072, 3.6369950714068766], [-4.702842030300017, 12.976696857099572]], [[-3.688499307946101, 12.781996978106244], [3.066814629154372, 12.75174649992933]], [[-12.956034309634687, 10.778491654304664], [-9.824447865485899, 14.151285937308337]], [[-10.007168883424349, -2.578221081132117], [-9.608465447092314, 14.763857657263257]], [[-11.177265799344212, 9.097463129675337], [5.773303546711347, 13.361130887379122]], [[-9.081164099240869, 12.463417222747648], [4.829378014597317, 13.694599567439324]], [[-8.541171930336448, 4.990264200247854], [-3.366451020956143, 14.103558382294466]], [[-12.111120839200705, 12.560002871244503], [-6.971367567748793, 12.905359717594525]], [[-3.5722089088267044, -2.8674583791402872], [-3.89607120566183, 13.780754859839439]], [[-9.784026298644537, 11.906947455500228], [3.3704076389414794, 13.649114680189605]]], "beale": [[[-4.473319807184463, 4.476975185295224], [-2.6725975619912345, 1.9392909731059893]], [[-2.853080391671984, 3.294676563404227], [-3.986870668120517, 1.0254587864381466]], [[0.543742152584918, 3.4444024250395087], [-1.9457357597753622, 3.1103268696990902]], [[-3.959216362633218, 4.1400188144004515], [-3.528778814864355, 3.7193593240087552]], [[2.159133234262927, 3.6765723545816758], [-2.9024469574382143, 2.523745193551634]], [[2.250628728641443, 4.468012800025406], [-0.9202724251476253, 2.103622369915242]], [[-1.499005925974283, 4.045623321854459], [-2.850561922743112, 3.6574125746093613]], [[-1.9348440631144928, 3.8637755729186463], [-1.9000556627354106, 2.6013249483303973]], [[1.8119211792870207, 4.33559707159742], [-0.595972467442401, 3.076289974797684]], [[-1.524975663564426, 3.587937643990027], [-2.195215867524296, 3.8977215330713237]]], "bohachevsky_a": [[[-26.42699946433771, 9.106105864286473], [-75.62953017381551, 6.187801162151407]], [[-69.58021113155682, 82.74120313578754], [-37.34080403810817, 2.192621435262798]], [[-24.987769011422984, 61.657650453027635], [-52.384074041592264, 3.083883571564361]], [[-98.32147714360003, 7.112971039700566], [-12.380370504167331, 40.89681359848788]], [[-94.23085248411053, 81.29818906444113], [-51.64446693752457, 34.230548386412394]], [[-60.70397618742215, 20.709039102587923], [-96.51820736538392, 78.82813421789082]], [[-11.663682911453705, 35.06421945224635], [-42.427937864137, 86.88421859803384]], [[-97.55483915602338, 99.85434748843957], [-88.42549389645318, 37.28298326947749]], [[-93.72732892369162, 20.136278546395825], [-84.02690623276577, 25.601963462342592]], [[-54.845404323764114, 63.6670789372842], [-50.36289397980723, 73.92434665290479]]], "bohachevsky_b": [[[-5.451772970832607, 22.145780041834485], [-64.07075122870467, 58.455621638829314]], [[-79.58630443518425, 3.850857372739158], [-16.92677699111384, 51.009932327229436]], [[-62.783673170746354, 64.65697980348948], [-72.35217945392311, 37.16733866598947]], [[-85.07872154888328, 42.79802216469217], [-68.17290929320808, 55.004789179601254]], [[-12.500327304783028, 78.48078252369253], [-33.988963574338825, 58.56582178920778]], [[-13.70766536879428, 16.566615799656415], [-4.8881809895633666, 16.063555606579083]], [[-12.00817257107039, 49.4322411738931], [-29.609852744405572, 97.72487432181083]], [[-96.4934650579456, 31.814939923601003], [-87.52426989954378, 31.098312006004726]], [[-74.8588198668118, 65.9801658949231], [-16.279715437782727, 25.882551814469334]], [[-59.11886820738127, 11.749849012352342], [-91.77623951652608, 16.196998907173143]]], "bohachevsky_c": [[[-93.6624739670197, 84.11382119161347], [-70.63000997068791, 68.42888805066104]], [[-23.383631911352936, 24.104264304911304], [-54.457835273938194, 62.83141537018532]], [[-54.63748554714217, 62.14218689277134], [-92.32573545933522, 85.99440487019433]], [[-0.7737796952018385, 96.55998154006447], [-20.389633221067143, 59.38968083165064]], [[-78.33240322678986, 10.590067064493958], [-56.14247713178219, 19.754192383492107]], [[-38.51636202140863, 93.2716616741007], [-72.8077439572597, 58.61802111065113]], [[-77.5628360090841, 96.64128576220172], [-34.92573253603976, 59.87491922233888]], [[-48.6842958952329, 23.50568766163823], [-5.923634924682148, 48.502622441301725]], [[-4.107160577295531, 77.34239978984577], [-10.873093883677058, 32.32029209566618]], [[-35.65733763328231, 60.20214053638949], [-93.0485263471739, 85.42641832596497]]], "rosenbrock2": [[[-1.816829431864592, 1.8399678596575448], [-2.9582731946625622, 1.765276847691614]], [[-2.5949303391264222, 1.5550200459643075], [0.3101365166306089, 1.3744176486213677]], [[-0.08539026260423421, 1.6087984959887744], [-0.49224784285932666, 2.6350932426580167]], [[-2.006998806376581, 1.286141933908795], [0.7334889832002043, 1.654734684808822]], [[0.1149996638305315, 1.5069260165402352], [0.8681361709643607, 2.8535129954833014]], [[-2.1005323878467506, 2.6811787354681806], [-2.247028959866953, 2.68661990368668]], [[-2.849370632341467, 1.673468014844157], [-2.9649917240419845, 2.716202513239408]], [[-1.8374360125371298, 2.132261808170482], [0.13380520106646365, 1.5206204029867059]], [[-0.21966241339160897, 2.311792234592061], [-0.6828623294022917, 1.5618005202129095]], [[-1.5728957101221699, 2.1100191018175805], [0.2575432505337596, 1.25207846280244]]], "ackley2": [[[-10.498790990766857, 2.7944922965417356], [-25.875166127735135, 1.9387404037752698]], [[-31.261104589681686, 22.792871568616302], [-1.1533101644978103, 30.458685490912902]], [[-16.083096333923706, 34.07882045344389], [-34.962441655475395, 10.631385160978658]], [[-34.47041996952082, 19.62708273722362], [-2.96553844778569, 11.552426506679012]], [[-16.164718275619705, 10.468709991757501], [-22.868222202327352, 3.6683307662578875]], [[-13.261390356716852, 26.59557218779564], [-5.23007186859202, 28.892865456146758]], [[-10.85890730745103, 18.665292342420017], [-4.94779556979617, 23.867676634261166]], [[-10.459315278877519, 19.28439094120548], [-2.424503530541841, 22.251007762997663]], [[-4.566784321286942, 19.62662105743964], [-28.62180010172328, 18.587948039200946]], [[-3.9479529882541122, 2.957573539943758], [-1.1342553862635043, 22.124989759854405]]],